parameterization,date,smoothed_dpi,smoothed_pai
Uribe-A mode 5,1954.75,0.026862941669011,1.05560498485882
Uribe-A mode 5,1955,0.105649467119545,1.08246792652783
Uribe-A mode 5,1955.25,0.0556815432646323,1.18811739364737
Uribe-A mode 5,1955.5,0.108537965062914,1.243798936912
Uribe-A mode 5,1955.75,0.0845819009056973,1.35233690197492
Uribe-A mode 5,1956,0.00517371156658378,1.43691880288062
Uribe-A mode 5,1956.25,0.0304025281754982,1.4420925144472
Uribe-A mode 5,1956.5,0.00261089146344342,1.4724950426227
Uribe-A mode 5,1956.75,0.0173413436162159,1.47510593408614
Uribe-A mode 5,1957,0.00707866746498967,1.49244727770236
Uribe-A mode 5,1957.25,-0.0635182063762085,1.49952594516735
Uribe-A mode 5,1957.5,-0.00705871676159405,1.43600773879114
Uribe-A mode 5,1957.75,-0.0878838867210482,1.42894902202954
Uribe-A mode 5,1958,-0.202392802000043,1.3410651353085
Uribe-A mode 5,1958.25,-0.106572856948358,1.13867233330845
Uribe-A mode 5,1958.5,0.0385834829239787,1.0320994763601
Uribe-A mode 5,1958.75,0.0404753943205797,1.07068295928407
Uribe-A mode 5,1959,-0.0145749192016337,1.11115835360465
Uribe-A mode 5,1959.25,0.0357542259826748,1.09658343440302
Uribe-A mode 5,1959.5,-0.00468398892565352,1.13233766038569
Uribe-A mode 5,1959.75,0.0164658350750071,1.12765367146004
Uribe-A mode 5,1960,0.0241237911525901,1.14411950653505
Uribe-A mode 5,1960.25,-0.0646092668758164,1.16824329768764
Uribe-A mode 5,1960.5,-0.0591136829030077,1.10363403081182
Uribe-A mode 5,1960.75,-0.112852285407899,1.04452034790881
Uribe-A mode 5,1961,-0.0252078535070472,0.931668062500915
Uribe-A mode 5,1961.25,-0.00580283611393242,0.906460208993867
Uribe-A mode 5,1961.5,0.0134835663242721,0.900657372879935
Uribe-A mode 5,1961.75,0.0856928470001007,0.914140939204207
Uribe-A mode 5,1962,0.0174796251254672,0.999833786204308
Uribe-A mode 5,1962.25,-0.0187453772435597,1.01731341132978
Uribe-A mode 5,1962.5,0.014663942545747,0.998568034086215
Uribe-A mode 5,1962.75,-0.0218134375106162,1.01323197663196
Uribe-A mode 5,1963,0.0118929847415688,0.991418539121346
Uribe-A mode 5,1963.25,-0.00850777230017977,1.00331152386291
Uribe-A mode 5,1963.5,0.0689945982663631,0.994803751562735
Uribe-A mode 5,1963.75,0.0162390215316484,1.0637983498291
Uribe-A mode 5,1964,0.0159912888028651,1.08003737136075
Uribe-A mode 5,1964.25,-0.0114538323003483,1.09602866016361
Uribe-A mode 5,1964.5,0.0166604828302549,1.08457482786326
Uribe-A mode 5,1964.75,-0.00855555508463852,1.10123531069352
Uribe-A mode 5,1965,0.0791111712213712,1.09267975560888
Uribe-A mode 5,1965.25,0.00172655751613699,1.17179092683025
Uribe-A mode 5,1965.5,0.0383575580568678,1.17351748434639
Uribe-A mode 5,1965.75,0.0682304934768051,1.21187504240326
Uribe-A mode 5,1966,0.0976756193059639,1.28010553588006
Uribe-A mode 5,1966.25,0.0371502556510044,1.37778115518603
Uribe-A mode 5,1966.5,0.0669424560733492,1.41493141083703
Uribe-A mode 5,1966.75,0.0137488497579247,1.48187386691038
Uribe-A mode 5,1967,-0.0658801245070002,1.4956227166683
Uribe-A mode 5,1967.25,-0.0561911007674188,1.4297425921613
Uribe-A mode 5,1967.5,0.0645749666406887,1.37355149139388
Uribe-A mode 5,1967.75,0.0702924917757172,1.43812645803457
Uribe-A mode 5,1968,0.113243071929562,1.50841894981029
Uribe-A mode 5,1968.25,0.133649139651904,1.62166202173985
Uribe-A mode 5,1968.5,-0.00052074960164572,1.75531116139176
Uribe-A mode 5,1968.75,0.0168382900504952,1.75479041179011
Uribe-A mode 5,1969,0.0893841545235421,1.7716287018406
Uribe-A mode 5,1969.25,0.158910783322208,1.86101285636415
Uribe-A mode 5,1969.5,0.0741524906952417,2.01992363968636
Uribe-A mode 5,1969.75,-0.0266320748602595,2.0940761303816
Uribe-A mode 5,1970,-0.0316200983152722,2.06744405552134
Uribe-A mode 5,1970.25,-0.06139814533218,2.03582395720607
Uribe-A mode 5,1970.5,-0.0954226062068153,1.97442581187389
Uribe-A mode 5,1970.75,-0.107749539719919,1.87900320566707
Uribe-A mode 5,1971,-0.0476750226526801,1.77125366594715
Uribe-A mode 5,1971.25,0.0408893791841346,1.72357864329447
Uribe-A mode 5,1971.5,0.0423923621714248,1.76446802247861
Uribe-A mode 5,1971.75,-0.108650185276696,1.80686038465003
Uribe-A mode 5,1972,-0.0806183660424146,1.69821019937333
Uribe-A mode 5,1972.25,0.0804326823857524,1.61759183333092
Uribe-A mode 5,1972.5,0.0479200612627191,1.69802451571667
Uribe-A mode 5,1972.75,0.110230901317643,1.74594457697939
Uribe-A mode 5,1973,0.231072935178781,1.85617547829703
Uribe-A mode 5,1973.25,0.204457731619033,2.08724841347582
Uribe-A mode 5,1973.5,0.313758454159377,2.29170614509485
Uribe-A mode 5,1973.75,0.0619923025649795,2.60546459925423
Uribe-A mode 5,1974,0.00807293584498049,2.66745690181921
Uribe-A mode 5,1974.25,0.294122084761717,2.67552983766419
Uribe-A mode 5,1974.5,0.118803058465629,2.9696519224259
Uribe-A mode 5,1974.75,-0.248096876201376,3.08845498089153
Uribe-A mode 5,1975,-0.376184447826802,2.84035810469016
Uribe-A mode 5,1975.25,-0.165191116044014,2.46417365686335
Uribe-A mode 5,1975.5,0.00767207723262222,2.29898254081934
Uribe-A mode 5,1975.75,-0.150791462488896,2.30665461805196
Uribe-A mode 5,1976,-0.1021135908069,2.15586315556307
Uribe-A mode 5,1976.25,-0.0158145474121438,2.05374956475617
Uribe-A mode 5,1976.5,0.00837724565027848,2.03793501734402
Uribe-A mode 5,1976.75,-0.00652365538767349,2.0463122629943
Uribe-A mode 5,1977,-0.00672042859207331,2.03978860760663
Uribe-A mode 5,1977.25,0.0622600658094261,2.03306817901455
Uribe-A mode 5,1977.5,0.0779260466102073,2.09532824482398
Uribe-A mode 5,1977.75,0.0626731642793524,2.17325429143419
Uribe-A mode 5,1978,-0.00838188461986493,2.23592745571354
Uribe-A mode 5,1978.25,0.14692770051719,2.22754557109368
Uribe-A mode 5,1978.5,0.0592988427380869,2.37447327161087
Uribe-A mode 5,1978.75,0.161321083935334,2.43377211434895
Uribe-A mode 5,1979,0.0304007840710328,2.59509319828429
Uribe-A mode 5,1979.25,0.027759001286762,2.62549398235532
Uribe-A mode 5,1979.5,0.0617645344560004,2.65325298364208
Uribe-A mode 5,1979.75,0.187006429497049,2.71501751809808
Uribe-A mode 5,1980,0.113569299243965,2.90202394759513
Uribe-A mode 5,1980.25,-0.273041695785423,3.0155932468391
Uribe-A mode 5,1980.5,-0.250321005264382,2.74255155105367
Uribe-A mode 5,1980.75,0.558466320135481,2.49223054578929
Uribe-A mode 5,1981,-0.0231484723022936,3.05069686592477
Uribe-A mode 5,1981.25,-0.0739550698024688,3.02754839362248
Uribe-A mode 5,1981.5,-0.102876012166156,2.95359332382001
Uribe-A mode 5,1981.75,-0.495108566654893,2.85071731165385
Uribe-A mode 5,1982,-0.0650381244348092,2.35560874499896
Uribe-A mode 5,1982.25,-0.0410729787037646,2.29057062056415
Uribe-A mode 5,1982.5,-0.398617871602844,2.24949764186039
Uribe-A mode 5,1982.75,-0.221275974809068,1.85087977025754
Uribe-A mode 5,1983,-0.100597613257615,1.62960379544848
Uribe-A mode 5,1983.25,0.00253893048160882,1.52900618219086
Uribe-A mode 5,1983.5,0.0486710487646739,1.53154511267247
Uribe-A mode 5,1983.75,-0.0213444662324098,1.58021616143714
Uribe-A mode 5,1984,0.0177138023509729,1.55887169520473
Uribe-A mode 5,1984.25,0.0596741470592163,1.57658549755571
Uribe-A mode 5,1984.5,0.0408578046427204,1.63625964461492
Uribe-A mode 5,1984.75,-0.216059886690597,1.67711744925764
Uribe-A mode 5,1985,-0.0616037419127383,1.46105756256705
Uribe-A mode 5,1985.25,-0.0754647037574796,1.39945382065431
Uribe-A mode 5,1985.5,-0.00592591324624091,1.32398911689683
Uribe-A mode 5,1985.75,-0.00954039797339002,1.31806320365059
Uribe-A mode 5,1986,-0.0396788629692586,1.3085228056772
Uribe-A mode 5,1986.25,-0.0860993706139638,1.26884394270794
Uribe-A mode 5,1986.5,-0.0287184485067793,1.18274457209397
Uribe-A mode 5,1986.75,0.0375420782330083,1.15402612358719
Uribe-A mode 5,1987,0.0312604788338508,1.1915682018202
Uribe-A mode 5,1987.25,0.0797086218103139,1.22282868065405
Uribe-A mode 5,1987.5,0.0444973610948513,1.30253730246437
Uribe-A mode 5,1987.75,0.0593951965093555,1.34703466355922
Uribe-A mode 5,1988,-0.0109284075344174,1.40642986006857
Uribe-A mode 5,1988.25,0.0897187896084356,1.39550145253416
Uribe-A mode 5,1988.5,0.075554127350676,1.48522024214259
Uribe-A mode 5,1988.75,0.0394088364319216,1.56077436949327
Uribe-A mode 5,1989,0.0768878264869815,1.60018320592519
Uribe-A mode 5,1989.25,0.00634348045275722,1.67707103241217
Uribe-A mode 5,1989.5,-0.0746331142795222,1.68341451286493
Uribe-A mode 5,1989.75,-0.0404343825131098,1.60878139858541
Uribe-A mode 5,1990,0.00642892988092236,1.5683470160723
Uribe-A mode 5,1990.25,0.023064101883908,1.57477594595322
Uribe-A mode 5,1990.5,-0.018403629553904,1.59784004783713
Uribe-A mode 5,1990.75,-0.0729332094483688,1.57943641828322
Uribe-A mode 5,1991,-0.121565901008555,1.50650320883485
Uribe-A mode 5,1991.25,-0.0375178113945868,1.3849373078263
Uribe-A mode 5,1991.5,-0.0328226985375261,1.34741949643171
Uribe-A mode 5,1991.75,-0.102656593683977,1.31459679789419
Uribe-A mode 5,1992,-0.0632375169253034,1.21194020421021
Uribe-A mode 5,1992.25,-9.90998065040424e-05,1.14870268728491
Uribe-A mode 5,1992.5,-0.0293248731967971,1.1486035874784
Uribe-A mode 5,1992.75,0.00655683288803348,1.11927871428161
Uribe-A mode 5,1993,-0.0150042468702347,1.12583554716964
Uribe-A mode 5,1993.25,-0.00903857484956526,1.1108313002994
Uribe-A mode 5,1993.5,-0.0156070490916135,1.10179272544984
Uribe-A mode 5,1993.75,-0.0112989703808142,1.08618567635823
Uribe-A mode 5,1994,-0.00367345184848805,1.07488670597741
Uribe-A mode 5,1994.25,0.0556408311394344,1.07121325412892
Uribe-A mode 5,1994.5,0.0148961545783227,1.12685408526836
Uribe-A mode 5,1994.75,0.0440439957223192,1.14175023984668
Uribe-A mode 5,1995,0.0162995836528602,1.185794235569
Uribe-A mode 5,1995.25,-0.0221836121964649,1.20209381922186
Uribe-A mode 5,1995.5,-0.038050887464361,1.17991020702539
Uribe-A mode 5,1995.75,-0.0298296955166988,1.14185931956103
Uribe-A mode 5,1996,-0.0502117542047027,1.11202962404433
Uribe-A mode 5,1996.25,-0.00380448365498964,1.06181786983963
Uribe-A mode 5,1996.5,-0.0131493421995886,1.05801338618464
Uribe-A mode 5,1996.75,-0.00460960094003823,1.04486404398505
Uribe-A mode 5,1997,-0.0323841386696918,1.04025444304502
Uribe-A mode 5,1997.25,0.0102393003788117,1.00787030437532
Uribe-A mode 5,1997.5,-0.0142840389653554,1.01810960475414
Uribe-A mode 5,1997.75,-0.0305221615263833,1.00382556578878
Uribe-A mode 5,1998,-0.0155876920882742,0.973303404262397
Uribe-A mode 5,1998.25,-0.00291061713633001,0.957715712174123
Uribe-A mode 5,1998.5,0.0253502978859821,0.954805095037793
Uribe-A mode 5,1998.75,-0.0329947710818621,0.980155392923775
Uribe-A mode 5,1999,0.00587248796849172,0.947160621841913
Uribe-A mode 5,1999.25,0.0183070205208316,0.953033109810405
Uribe-A mode 5,1999.5,0.0704486491063438,0.971340130331236
Uribe-A mode 5,1999.75,0.076846287695764,1.04178877943758
Uribe-A mode 5,2000,0.0137919456909428,1.11863506713334
Uribe-A mode 5,2000.25,0.107192111104345,1.13242701282429
Uribe-A mode 5,2000.5,0.00805402681375671,1.23961912392863
Uribe-A mode 5,2000.75,0.0126484507241673,1.24767315074239
Uribe-A mode 5,2001,-0.07719679134081,1.26032160146656
Uribe-A mode 5,2001.25,-0.0815386242404168,1.18312481012575
Uribe-A mode 5,2001.5,-0.0842922452006952,1.10158618588533
Uribe-A mode 5,2001.75,-0.10284943091725,1.01729394068463
Uribe-A mode 5,2002,0.0101747652548562,0.914444509767384
Uribe-A mode 5,2002.25,0.0365011959419883,0.92461927502224
Uribe-A mode 5,2002.5,0.0317207109770661,0.961120470964229
Uribe-A mode 5,2002.75,-0.00687974532863324,0.992841181941295
Uribe-A mode 5,2003,-0.0116186307779148,0.985961436612661
Uribe-A mode 5,2003.25,0.0243186427582344,0.974342805834747
Uribe-A mode 5,2003.5,0.0419939590010905,0.998661448592981
Uribe-A mode 5,2003.75,0.0411081795640838,1.04065540759407
Uribe-A mode 5,2004,0.0339891178723271,1.08176358715816
Uribe-A mode 5,2004.25,0.019667772076127,1.11575270503048
Uribe-A mode 5,2004.5,0.0407388528934216,1.13542047710661
Uribe-A mode 5,2004.75,0.0468290821665468,1.17615933000003
Uribe-A mode 5,2005,0.0430569976469887,1.22298841216658
Uribe-A mode 5,2005.25,0.0115331666618428,1.26604540981357
Uribe-A mode 5,2005.5,0.0332428495839833,1.27757857647541
Uribe-A mode 5,2005.75,0.0090024708815756,1.31082142605939
Uribe-A mode 5,2006,0.026323691057071,1.31982389694097
Uribe-A mode 5,2006.25,-0.00739697004187322,1.34614758799804
Uribe-A mode 5,2006.5,-0.0212587399227035,1.33875061795617
Uribe-A mode 5,2006.75,-0.0239731368315248,1.31749187803346
Uribe-A mode 5,2007,-0.0116852228188791,1.29351874120194
Uribe-A mode 5,2007.25,-0.0234426125767355,1.28183351838306
Uribe-A mode 5,2007.5,-0.0402080329808897,1.25839090580632
Uribe-A mode 5,2007.75,-0.0556011192822848,1.21818287282543
Uribe-A mode 5,2008,-0.116890578940303,1.16258175354315
Uribe-A mode 5,2008.25,-0.043870869597381,1.04569117460285
Uribe-A mode 5,2008.5,-0.00575936866610867,1.00182030500546
Uribe-A mode 5,2008.75,-0.209580150699269,0.996060936339356
Uribe-A mode 5,2009,-0.0647947750212662,0.786480785640087
Uribe-A mode 5,2009.25,-0.010001405788829,0.721686010618821
Uribe-A mode 5,2009.5,0.0275173456517824,0.711684604829992
Uribe-A mode 5,2009.75,0.0562174994378896,0.739201950481774
Uribe-A mode 5,2010,0.0333572634824094,0.795419449919664
Uribe-A mode 5,2010.25,0.0589453951464962,0.828776713402073
Uribe-A mode 5,2010.5,0.0356491257424559,0.887722108548569
Uribe-A mode 5,2010.75,0.0409537657633474,0.923371234291025
Uribe-A mode 5,2011,0.0107139213524254,0.964325000054373
Uribe-A mode 5,2011.25,0.0243444029940074,0.975038921406798
Uribe-A mode 5,2011.5,-0.0191434880179293,0.999383324400806
Uribe-A mode 5,2011.75,0.00252030402036178,0.980239836382876
Uribe-A mode 5,2012,0.00194428792780362,0.982760140403238
Uribe-A mode 5,2012.25,0.00216053952337282,0.984704428331042
Uribe-A mode 5,2012.5,-0.00959358669962078,0.986864967854414
Uribe-A mode 5,2012.75,-0.0127871318239582,0.977271381154794
Uribe-A mode 5,2013,-0.00169620231380316,0.964484249330836
Uribe-A mode 5,2013.25,-0.023986873043885,0.962788047017032
Uribe-A mode 5,2013.5,0.0129341119884677,0.938801173973147
Uribe-A mode 5,2013.75,0.00661219218872746,0.951735285961615
Uribe-A mode 5,2014,-0.04354860684614,0.958347478150342
Uribe-A mode 5,2014.25,0.0126209629369863,0.914798871304202
Uribe-A mode 5,2014.5,-0.0225578309862169,0.927419834241189
Uribe-A mode 5,2014.75,-0.052289081467952,0.904862003254972
Uribe-A mode 5,2015,-0.0244055029625153,0.85257292178702
Uribe-A mode 5,2015.25,0.0238639361167229,0.828167418824505
Uribe-A mode 5,2015.5,-0.0189291265317966,0.852031354941228
Uribe-A mode 5,2015.75,-0.0259020865095927,0.833102228409431
Uribe-A mode 5,2016,0.0254566224063918,0.807200141899838
Uribe-A mode 5,2016.25,0.0553320701219105,0.83265676430623
Uribe-A mode 5,2016.5,0.019406154689037,0.88798883442814
Uribe-A mode 5,2016.75,0.0195630991024625,0.907394989117177
Uribe-A mode 5,2017,0.0375540501124652,0.92695808821964
Uribe-A mode 5,2017.25,0.0262553703023431,0.964512138332105
Uribe-A mode 5,2017.5,0.0407850712368288,0.990767508634448
Uribe-A mode 5,2017.75,0.027780804566199,1.03155257987128
Uribe-A mode 5,2018,0.0292327726173128,1.05933338443748
Uribe-A mode 5,2018.25,0.0594243719651561,1.08856615705479
Uribe-A mode 6,1954.75,0.0267600994852427,1.05560498485882
Uribe-A mode 6,1955,0.104741349376355,1.08236508434406
Uribe-A mode 6,1955.25,0.0554185364409002,1.18710643372041
Uribe-A mode 6,1955.5,0.108090969353523,1.24252497016131
Uribe-A mode 6,1955.75,0.0844803943762916,1.35061593951484
Uribe-A mode 6,1956,0.00605785536543964,1.43509633389113
Uribe-A mode 6,1956.25,0.0306997798148817,1.44115418925657
Uribe-A mode 6,1956.5,0.00270709991611133,1.47185396907145
Uribe-A mode 6,1956.75,0.0171324217605547,1.47456106898756
Uribe-A mode 6,1957,0.00557655089808197,1.49169349074812
Uribe-A mode 6,1957.25,-0.0624354525625712,1.4972700416462
Uribe-A mode 6,1957.5,-0.00723887627836166,1.43483458908363
Uribe-A mode 6,1957.75,-0.0862613061146048,1.42759571280526
Uribe-A mode 6,1958,-0.202493075932237,1.34133440669066
Uribe-A mode 6,1958.25,-0.107197805721377,1.13884133075842
Uribe-A mode 6,1958.5,0.0373983411758526,1.03164352503705
Uribe-A mode 6,1958.75,0.0405150399432605,1.0690418662129
Uribe-A mode 6,1959,-0.0146024437327634,1.10955690615616
Uribe-A mode 6,1959.25,0.0348987788337985,1.0949544624234
Uribe-A mode 6,1959.5,-0.00401309633204423,1.12985324125719
Uribe-A mode 6,1959.75,0.0173542073558061,1.12584014492515
Uribe-A mode 6,1960,0.0229220821236583,1.14319435228096
Uribe-A mode 6,1960.25,-0.0636356822919135,1.16611643440461
Uribe-A mode 6,1960.5,-0.059916940187016,1.1024807521127
Uribe-A mode 6,1960.75,-0.111588848470451,1.04256381192569
Uribe-A mode 6,1961,-0.0247469791899061,0.930974963455235
Uribe-A mode 6,1961.25,-0.00650820174043977,0.906227984265328
Uribe-A mode 6,1961.5,0.0126349107261544,0.899719782524889
Uribe-A mode 6,1961.75,0.0859093187636746,0.912354693251043
Uribe-A mode 6,1962,0.0165769091818817,0.998264012014718
Uribe-A mode 6,1962.25,-0.0180928922342541,1.0148409211966
Uribe-A mode 6,1962.5,0.014794357355571,0.996748028962345
Uribe-A mode 6,1962.75,-0.0211886065026246,1.01154238631792
Uribe-A mode 6,1963,0.0116937812651948,0.990353779815292
Uribe-A mode 6,1963.25,-0.00829492312258421,1.00204756108049
Uribe-A mode 6,1963.5,0.0684644135342944,0.993752637957902
Uribe-A mode 6,1963.75,0.0161527202160571,1.0622170514922
Uribe-A mode 6,1964,0.015910987206907,1.07836977170825
Uribe-A mode 6,1964.25,-0.0110218570376421,1.09428075891516
Uribe-A mode 6,1964.5,0.0160779676863548,1.08325890187752
Uribe-A mode 6,1964.75,-0.00765533462184532,1.09933686956387
Uribe-A mode 6,1965,0.0788371558442592,1.09168153494203
Uribe-A mode 6,1965.25,0.00239274021957122,1.17051869078629
Uribe-A mode 6,1965.5,0.0380905732936216,1.17291143100586
Uribe-A mode 6,1965.75,0.0672833880788265,1.21100200429948
Uribe-A mode 6,1966,0.0968697391612279,1.27828539237831
Uribe-A mode 6,1966.25,0.037755175438088,1.37515513153953
Uribe-A mode 6,1966.5,0.0676717701519241,1.41291030697762
Uribe-A mode 6,1966.75,0.0148179136915694,1.48058207712955
Uribe-A mode 6,1967,-0.0657564559765496,1.49539999082112
Uribe-A mode 6,1967.25,-0.0564507834575752,1.42964353484457
Uribe-A mode 6,1967.5,0.0638323942658109,1.37319275138699
Uribe-A mode 6,1967.75,0.0703335301287164,1.4370251456528
Uribe-A mode 6,1968,0.112681676804181,1.50735867578152
Uribe-A mode 6,1968.25,0.134509284739769,1.6200403525857
Uribe-A mode 6,1968.5,-0.000820573878180408,1.75454963732547
Uribe-A mode 6,1968.75,0.0160535931810198,1.75372906344729
Uribe-A mode 6,1969,0.0886845868684184,1.76978265662831
Uribe-A mode 6,1969.25,0.160337320416497,1.85846724349673
Uribe-A mode 6,1969.5,0.0739539248180317,2.01880456391322
Uribe-A mode 6,1969.75,-0.0260434358102582,2.09275848873125
Uribe-A mode 6,1970,-0.0312289662586249,2.066715052921
Uribe-A mode 6,1970.25,-0.0608224888419509,2.03548608666237
Uribe-A mode 6,1970.5,-0.0954897827425622,1.97466359782042
Uribe-A mode 6,1970.75,-0.106939774879272,1.87917381507786
Uribe-A mode 6,1971,-0.0519489304184497,1.77223404019859
Uribe-A mode 6,1971.25,0.0423507169935112,1.72028510978014
Uribe-A mode 6,1971.5,0.0448503467310832,1.76263582677365
Uribe-A mode 6,1971.75,-0.108276778501888,1.80748617350473
Uribe-A mode 6,1972,-0.08311392187531,1.69920939500284
Uribe-A mode 6,1972.25,0.0815408257021687,1.61609547312753
Uribe-A mode 6,1972.5,0.0483482549075734,1.6976362988297
Uribe-A mode 6,1972.75,0.109083173850483,1.74598455373728
Uribe-A mode 6,1973,0.230416195908566,1.85506772758776
Uribe-A mode 6,1973.25,0.203596156072713,2.08548392349632
Uribe-A mode 6,1973.5,0.317538990851691,2.28908007956904
Uribe-A mode 6,1973.75,0.0600345452286577,2.60661907042073
Uribe-A mode 6,1974,0.00681926266298482,2.66665361564939
Uribe-A mode 6,1974.25,0.295557009348089,2.67347287831237
Uribe-A mode 6,1974.5,0.121033193898222,2.96902988766046
Uribe-A mode 6,1974.75,-0.249962655421048,3.09006308155868
Uribe-A mode 6,1975,-0.376529443245423,2.84010042613764
Uribe-A mode 6,1975.25,-0.164237590234004,2.46357098289221
Uribe-A mode 6,1975.5,0.00879000868393272,2.29933339265821
Uribe-A mode 6,1975.75,-0.151510029184371,2.30812340134214
Uribe-A mode 6,1976,-0.103189880199363,2.15661337215777
Uribe-A mode 6,1976.25,-0.0149202767301055,2.05342349195841
Uribe-A mode 6,1976.5,0.00848067821598615,2.0385032152283
Uribe-A mode 6,1976.75,-0.00761339619058857,2.04698389344429
Uribe-A mode 6,1977,-0.0070331407340886,2.0393704972537
Uribe-A mode 6,1977.25,0.062363535934171,2.03233735651961
Uribe-A mode 6,1977.5,0.0777331848291785,2.09470089245378
Uribe-A mode 6,1977.75,0.0631206080153191,2.17243407728296
Uribe-A mode 6,1978,-0.00676439649909169,2.23555468529828
Uribe-A mode 6,1978.25,0.144271949022941,2.22879028879919
Uribe-A mode 6,1978.5,0.0595518507361383,2.37306223782213
Uribe-A mode 6,1978.75,0.161966057011317,2.43261408855827
Uribe-A mode 6,1979,0.0307594966536598,2.59458014556958
Uribe-A mode 6,1979.25,0.026201507083134,2.62533964222324
Uribe-A mode 6,1979.5,0.0609650293642548,2.65154114930638
Uribe-A mode 6,1979.75,0.190170069601678,2.71250617867063
Uribe-A mode 6,1980,0.115273400641267,2.90267624827231
Uribe-A mode 6,1980.25,-0.275172261481253,3.01794964891358
Uribe-A mode 6,1980.5,-0.256582501062686,2.74277738743232
Uribe-A mode 6,1980.75,0.563705244636053,2.48619488636964
Uribe-A mode 6,1981,-0.0252208483120864,3.04990013100569
Uribe-A mode 6,1981.25,-0.0709321572930446,3.02467928269361
Uribe-A mode 6,1981.5,-0.102531227937698,2.95374712540056
Uribe-A mode 6,1981.75,-0.499591766489022,2.85121589746286
Uribe-A mode 6,1982,-0.0613569600482943,2.35162413097384
Uribe-A mode 6,1982.25,-0.0387033150789847,2.29026717092555
Uribe-A mode 6,1982.5,-0.401803554862401,2.25156385584656
Uribe-A mode 6,1982.75,-0.221394391594839,1.84976030098416
Uribe-A mode 6,1983,-0.100422638369271,1.62836590938932
Uribe-A mode 6,1983.25,0.00192074627014802,1.52794327102005
Uribe-A mode 6,1983.5,0.0486101505125134,1.5298640172902
Uribe-A mode 6,1983.75,-0.0220258346259299,1.57847416780271
Uribe-A mode 6,1984,0.0169164931323124,1.55644833317678
Uribe-A mode 6,1984.25,0.0604632931514594,1.57336482630909
Uribe-A mode 6,1984.5,0.0431978146687359,1.63382811946055
Uribe-A mode 6,1984.75,-0.21791635308824,1.67702593412929
Uribe-A mode 6,1985,-0.0621617274512455,1.45910958104105
Uribe-A mode 6,1985.25,-0.0751110526919319,1.3969478535898
Uribe-A mode 6,1985.5,-0.00604462253169293,1.32183680089787
Uribe-A mode 6,1985.75,-0.00863571143645276,1.31579217836618
Uribe-A mode 6,1986,-0.0391543999092061,1.30715646692973
Uribe-A mode 6,1986.25,-0.0862534222917838,1.26800206702052
Uribe-A mode 6,1986.5,-0.0296014385136725,1.18174864472874
Uribe-A mode 6,1986.75,0.0378421156636828,1.15214720621506
Uribe-A mode 6,1987,0.0311326830377653,1.18998932187875
Uribe-A mode 6,1987.25,0.0800294666378705,1.22112200491651
Uribe-A mode 6,1987.5,0.0448374822544292,1.30115147155438
Uribe-A mode 6,1987.75,0.0587815118618517,1.34598895380881
Uribe-A mode 6,1988,-0.0112832920964684,1.40477046567066
Uribe-A mode 6,1988.25,0.0891385517291947,1.3934871735742
Uribe-A mode 6,1988.5,0.0760687890505459,1.48262572530339
Uribe-A mode 6,1988.75,0.0392298891691139,1.55869451435394
Uribe-A mode 6,1989,0.0775481352943781,1.59792440352305
Uribe-A mode 6,1989.25,0.00691667454996407,1.67547253881743
Uribe-A mode 6,1989.5,-0.0748744322421932,1.68238921336739
Uribe-A mode 6,1989.75,-0.040450641064803,1.6075147811252
Uribe-A mode 6,1990,0.00552926437417701,1.5670641400604
Uribe-A mode 6,1990.25,0.0229145443946051,1.57259340443457
Uribe-A mode 6,1990.5,-0.0177600307277206,1.59550794882918
Uribe-A mode 6,1990.75,-0.0716267752856362,1.57774791810146
Uribe-A mode 6,1991,-0.122363746520972,1.50612114281582
Uribe-A mode 6,1991.25,-0.0378466051708946,1.38375739629485
Uribe-A mode 6,1991.5,-0.032188250354995,1.34591079112396
Uribe-A mode 6,1991.75,-0.102205632070638,1.31372254076896
Uribe-A mode 6,1992,-0.0636565753873682,1.21151690869832
Uribe-A mode 6,1992.25,-0.000233678524604677,1.14786033331095
Uribe-A mode 6,1992.5,-0.0297295293698317,1.14762665478635
Uribe-A mode 6,1992.75,0.00593800115875257,1.11789712541652
Uribe-A mode 6,1993,-0.014322974982395,1.12383512657527
Uribe-A mode 6,1993.25,-0.00899391691909569,1.10951215159287
Uribe-A mode 6,1993.5,-0.0152583414803819,1.10051823467378
Uribe-A mode 6,1993.75,-0.0120018843277188,1.0852598931934
Uribe-A mode 6,1994,-0.00394206011199419,1.07325800886568
Uribe-A mode 6,1994.25,0.0554607857492176,1.06931594875368
Uribe-A mode 6,1994.5,0.0148717915100457,1.1247767345029
Uribe-A mode 6,1994.75,0.0438134844027415,1.13964852601295
Uribe-A mode 6,1995,0.0168445844360238,1.18346201041569
Uribe-A mode 6,1995.25,-0.0216672692371905,1.20030659485171
Uribe-A mode 6,1995.5,-0.0384991664811241,1.17863932561452
Uribe-A mode 6,1995.75,-0.0295837228493213,1.1401401591334
Uribe-A mode 6,1996,-0.0503130856705712,1.11055643628408
Uribe-A mode 6,1996.25,-0.00441189610016549,1.06024335061351
Uribe-A mode 6,1996.5,-0.012934299159691,1.05583145451334
Uribe-A mode 6,1996.75,-0.00505860327899257,1.04289715535365
Uribe-A mode 6,1997,-0.0320202538664938,1.03783855207466
Uribe-A mode 6,1997.25,0.0104397007270175,1.00581829820816
Uribe-A mode 6,1997.5,-0.0147564036158902,1.01625799893518
Uribe-A mode 6,1997.75,-0.0302649723576942,1.00150159531929
Uribe-A mode 6,1998,-0.0152029521719425,0.971236622961596
Uribe-A mode 6,1998.25,-0.00272435818629269,0.956033670789653
Uribe-A mode 6,1998.5,0.0255203933152078,0.953309312603361
Uribe-A mode 6,1998.75,-0.0339950771385311,0.978829705918568
Uribe-A mode 6,1999,0.00596997248383607,0.944834628780037
Uribe-A mode 6,1999.25,0.0186364161589322,0.950804601263873
Uribe-A mode 6,1999.5,0.0704476926453107,0.969441017422806
Uribe-A mode 6,1999.75,0.0754714302942459,1.03988871006812
Uribe-A mode 6,2000,0.0149246083020032,1.11536014036236
Uribe-A mode 6,2000.25,0.106841724694073,1.13028474866437
Uribe-A mode 6,2000.5,0.00883345751516883,1.23712647335844
Uribe-A mode 6,2000.75,0.013108794260956,1.24595993087361
Uribe-A mode 6,2001,-0.0769372651742,1.25906872513456
Uribe-A mode 6,2001.25,-0.0823580604421197,1.18213145996036
Uribe-A mode 6,2001.5,-0.0830363253032035,1.09977339951824
Uribe-A mode 6,2001.75,-0.103395147010116,1.01673707421504
Uribe-A mode 6,2002,0.00977449730897587,0.913341927204925
Uribe-A mode 6,2002.25,0.036596517965897,0.923116424513901
Uribe-A mode 6,2002.5,0.0317796866786404,0.959712942479798
Uribe-A mode 6,2002.75,-0.00688673602670947,0.991492629158438
Uribe-A mode 6,2003,-0.0108898047868852,0.984605893131729
Uribe-A mode 6,2003.25,0.0249772280526017,0.973716088344843
Uribe-A mode 6,2003.5,0.0409425769894817,0.998693316397445
Uribe-A mode 6,2003.75,0.0408379330308282,1.03963589338693
Uribe-A mode 6,2004,0.033903687834806,1.08047382641775
Uribe-A mode 6,2004.25,0.0194775244183926,1.11437751425256
Uribe-A mode 6,2004.5,0.0410841457074055,1.13385503867095
Uribe-A mode 6,2004.75,0.0467768326111638,1.17493918437836
Uribe-A mode 6,2005,0.0427343849873537,1.22171601698952
Uribe-A mode 6,2005.25,0.0117441465597915,1.26445040197688
Uribe-A mode 6,2005.5,0.0328696988051975,1.27619454853667
Uribe-A mode 6,2005.75,0.00921832126774909,1.30906424734187
Uribe-A mode 6,2006,0.0256892605877667,1.31828256860961
Uribe-A mode 6,2006.25,-0.007266372648155,1.34397182919738
Uribe-A mode 6,2006.5,-0.0205140244097834,1.33670545654923
Uribe-A mode 6,2006.75,-0.0242717214860981,1.31619143213944
Uribe-A mode 6,2007,-0.0122123711000066,1.29191971065334
Uribe-A mode 6,2007.25,-0.0229741510301987,1.27970733955334
Uribe-A mode 6,2007.5,-0.0395222692506825,1.25673318852314
Uribe-A mode 6,2007.75,-0.0553220885869457,1.21721091927246
Uribe-A mode 6,2008,-0.117337617713699,1.16188883068551
Uribe-A mode 6,2008.25,-0.0456270463186004,1.04455121297181
Uribe-A mode 6,2008.5,-0.00524380921715538,0.998924166653211
Uribe-A mode 6,2008.75,-0.208829771922543,0.993680357436056
Uribe-A mode 6,2009,-0.0636795070132463,0.784850585513513
Uribe-A mode 6,2009.25,-0.00952333767398517,0.721171078500267
Uribe-A mode 6,2009.5,0.0270334022809312,0.711647740826282
Uribe-A mode 6,2009.75,0.055212175912922,0.738681143107213
Uribe-A mode 6,2010,0.0335300830595715,0.793893319020135
Uribe-A mode 6,2010.25,0.0587356753709622,0.827423402079706
Uribe-A mode 6,2010.5,0.0357565337110497,0.886159077450669
Uribe-A mode 6,2010.75,0.0407351242472046,0.921915611161718
Uribe-A mode 6,2011,0.0112014269316443,0.962650735408923
Uribe-A mode 6,2011.25,0.0239202736010231,0.973852162340567
Uribe-A mode 6,2011.5,-0.0184619587769378,0.99777243594159
Uribe-A mode 6,2011.75,0.0025027876398472,0.979310477164653
Uribe-A mode 6,2012,0.00163519134053497,0.9818132648045
Uribe-A mode 6,2012.25,0.00223774171436116,0.983448456145035
Uribe-A mode 6,2012.5,-0.00960001571646793,0.985686197859396
Uribe-A mode 6,2012.75,-0.012472234283311,0.976086182142928
Uribe-A mode 6,2013,-0.00190249042168503,0.963613947859617
Uribe-A mode 6,2013.25,-0.0235878960886741,0.961711457437932
Uribe-A mode 6,2013.5,0.0123582513753106,0.938123561349258
Uribe-A mode 6,2013.75,0.00609268478710332,0.950481812724568
Uribe-A mode 6,2014,-0.04259528434745,0.956574497511672
Uribe-A mode 6,2014.25,0.0119364985924589,0.913979213164222
Uribe-A mode 6,2014.5,-0.0228471101007512,0.925915711756681
Uribe-A mode 6,2014.75,-0.0515519581733365,0.90306860165593
Uribe-A mode 6,2015,-0.0241033136713788,0.851516643482593
Uribe-A mode 6,2015.25,0.0226634299630502,0.827413329811214
Uribe-A mode 6,2015.5,-0.0186525514468757,0.850076759774265
Uribe-A mode 6,2015.75,-0.0250640268899591,0.831424208327389
Uribe-A mode 6,2016,0.0258832862805363,0.80636018143743
Uribe-A mode 6,2016.25,0.0541341290742318,0.832243467717966
Uribe-A mode 6,2016.5,0.0195203821642767,0.886377596792198
Uribe-A mode 6,2016.75,0.0196018619942945,0.905897978956475
Uribe-A mode 6,2017,0.0377317003768749,0.925499840950769
Uribe-A mode 6,2017.25,0.0266757429100341,0.963231541327644
Uribe-A mode 6,2017.5,0.0406288172932581,0.989907284237678
Uribe-A mode 6,2017.75,0.0273977240942954,1.03053610153094
Uribe-A mode 6,2018,0.0296941856496538,1.05793382562523
Uribe-A mode 6,2018.25,0.0588858253471797,1.08762801127489
Uribe-A MH mean,1954.75,0.028530075673651,1.05560498485882
Uribe-A MH mean,1955,0.102740067624859,1.08413506053247
Uribe-A MH mean,1955.25,0.0538363864326903,1.18687512815733
Uribe-A MH mean,1955.5,0.106097640966116,1.24071151459002
Uribe-A MH mean,1955.75,0.0807369331964751,1.34680915555613
Uribe-A MH mean,1956,0.0056682443323171,1.42754608875261
Uribe-A MH mean,1956.25,0.0319198622614505,1.43321433308492
Uribe-A MH mean,1956.5,0.00240324242180524,1.46513419534637
Uribe-A MH mean,1956.75,0.0193778847788728,1.46753743776818
Uribe-A MH mean,1957,0.00483670345543971,1.48691532254705
Uribe-A MH mean,1957.25,-0.0625096230301253,1.49175202600249
Uribe-A MH mean,1957.5,-0.009996561818152,1.42924240297237
Uribe-A MH mean,1957.75,-0.0942284180738471,1.41924584115421
Uribe-A MH mean,1958,-0.195788843726996,1.32501742308037
Uribe-A MH mean,1958.25,-0.0929574307068643,1.12922857935337
Uribe-A MH mean,1958.5,0.0373475622194292,1.03627114864651
Uribe-A MH mean,1958.75,0.0332372815816534,1.07361871086594
Uribe-A MH mean,1959,-0.0171469295591168,1.10685599244759
Uribe-A MH mean,1959.25,0.0335829555350011,1.08970906288847
Uribe-A MH mean,1959.5,-0.00740104506884261,1.12329201842347
Uribe-A MH mean,1959.75,0.0163789320030843,1.11589097335463
Uribe-A MH mean,1960,0.0249237895076736,1.13226990535772
Uribe-A MH mean,1960.25,-0.0647424930139165,1.15719369486539
Uribe-A MH mean,1960.5,-0.0554408182371602,1.09245120185147
Uribe-A MH mean,1960.75,-0.109396524347933,1.03701038361431
Uribe-A MH mean,1961,-0.0220287159884298,0.927613859266379
Uribe-A MH mean,1961.25,-0.00511296164337205,0.905585143277949
Uribe-A MH mean,1961.5,0.0146332517367189,0.900472181634577
Uribe-A MH mean,1961.75,0.0805131114823726,0.915105433371296
Uribe-A MH mean,1962,0.0145885087697063,0.995618544853669
Uribe-A MH mean,1962.25,-0.0185274209624371,1.01020705362338
Uribe-A MH mean,1962.5,0.0133385348460522,0.991679632660938
Uribe-A MH mean,1962.75,-0.0224880641544867,1.00501816750699
Uribe-A MH mean,1963,0.0134988383693373,0.982530103352504
Uribe-A MH mean,1963.25,-0.00579406546558894,0.996028941721841
Uribe-A MH mean,1963.5,0.0679801251735221,0.990234876256252
Uribe-A MH mean,1963.75,0.0139727615564965,1.05821500142977
Uribe-A MH mean,1964,0.0187031940803313,1.07218776298627
Uribe-A MH mean,1964.25,-0.0117021199469896,1.0908909570666
Uribe-A MH mean,1964.5,0.017170540938346,1.07918883711961
Uribe-A MH mean,1964.75,-0.00810002131047261,1.09635937805796
Uribe-A MH mean,1965,0.0783251635559768,1.08825935674749
Uribe-A MH mean,1965.25,0.00105257092169345,1.16658452030346
Uribe-A MH mean,1965.5,0.041540315069165,1.16763709122516
Uribe-A MH mean,1965.75,0.0689999259546563,1.20917740629432
Uribe-A MH mean,1966,0.0956458041096547,1.27817733224898
Uribe-A MH mean,1966.25,0.0341692218268369,1.37382313635863
Uribe-A MH mean,1966.5,0.0647329901121895,1.40799235818547
Uribe-A MH mean,1966.75,0.0112209790039966,1.47272534829766
Uribe-A MH mean,1967,-0.0619371626412156,1.48394632730166
Uribe-A MH mean,1967.25,-0.050094828747468,1.42200916466044
Uribe-A MH mean,1967.5,0.0660392591798305,1.37191433591297
Uribe-A MH mean,1967.75,0.0686091455071685,1.4379535950928
Uribe-A MH mean,1968,0.111519024184582,1.50656274059997
Uribe-A MH mean,1968.25,0.125173311362395,1.61808176478455
Uribe-A MH mean,1968.5,-0.000917141366322455,1.74325507614695
Uribe-A MH mean,1968.75,0.0221675899530654,1.74233793478062
Uribe-A MH mean,1969,0.0921952663867951,1.76450552473369
Uribe-A MH mean,1969.25,0.14902676622942,1.85670079112049
Uribe-A MH mean,1969.5,0.0693442961847666,2.00572755734991
Uribe-A MH mean,1969.75,-0.0240209588418976,2.07507185353467
Uribe-A MH mean,1970,-0.0271930960692324,2.05105089469277
Uribe-A MH mean,1970.25,-0.058221176340368,2.02385779862354
Uribe-A MH mean,1970.5,-0.089968137241488,1.96563662228317
Uribe-A MH mean,1970.75,-0.105093886457848,1.87566848504169
Uribe-A MH mean,1971,-0.0376515760032237,1.77057459858384
Uribe-A MH mean,1971.25,0.0339835302192386,1.73292302258061
Uribe-A MH mean,1971.5,0.0291584501775872,1.76690655279985
Uribe-A MH mean,1971.75,-0.109995330661053,1.79606500297744
Uribe-A MH mean,1972,-0.0699127935166865,1.68606967231639
Uribe-A MH mean,1972.25,0.0792863428347491,1.6161568787997
Uribe-A MH mean,1972.5,0.0421363913121499,1.69544322163445
Uribe-A MH mean,1972.75,0.112500072767093,1.7375796129466
Uribe-A MH mean,1973,0.227199322333037,1.85007968571369
Uribe-A MH mean,1973.25,0.20068983054712,2.07727900804673
Uribe-A MH mean,1973.5,0.29981691477933,2.27796883859385
Uribe-A MH mean,1973.75,0.0671333483087912,2.57778575337318
Uribe-A MH mean,1974,0.0250444113885786,2.64491910168197
Uribe-A MH mean,1974.25,0.287818510985536,2.66996351307055
Uribe-A MH mean,1974.5,0.10242382201044,2.95778202405609
Uribe-A MH mean,1974.75,-0.236406331638414,3.06020584606653
Uribe-A MH mean,1975,-0.352315705919818,2.82379951442811
Uribe-A MH mean,1975.25,-0.157425664523978,2.47148380850829
Uribe-A MH mean,1975.5,-0.00792203725150316,2.31405814398431
Uribe-A MH mean,1975.75,-0.155952377180052,2.30613610673281
Uribe-A MH mean,1976,-0.0983932980972566,2.15018372955276
Uribe-A MH mean,1976.25,-0.0212771637672065,2.0517904314555
Uribe-A MH mean,1976.5,0.00341187253670468,2.0305132676883
Uribe-A MH mean,1976.75,-0.00490891330290559,2.033925140225
Uribe-A MH mean,1977,-0.00162385231905164,2.0290162269221
Uribe-A MH mean,1977.25,0.0616877416913242,2.02739237460304
Uribe-A MH mean,1977.5,0.072771403787913,2.08908011629437
Uribe-A MH mean,1977.75,0.0579162810631575,2.16185152008228
Uribe-A MH mean,1978,-0.00307347898301905,2.21976780114544
Uribe-A MH mean,1978.25,0.148893325180637,2.21669432216242
Uribe-A MH mean,1978.5,0.056770502993241,2.36558764734306
Uribe-A MH mean,1978.75,0.155096760380458,2.4223581503363
Uribe-A MH mean,1979,0.0286100714277248,2.57745491071676
Uribe-A MH mean,1979.25,0.0331313598261744,2.60606498214448
Uribe-A MH mean,1979.5,0.0666103489836284,2.63919634197066
Uribe-A MH mean,1979.75,0.174670233538596,2.70580669095428
Uribe-A MH mean,1980,0.0979319345405912,2.88047692449288
Uribe-A MH mean,1980.25,-0.258707328404984,2.97840885903347
Uribe-A MH mean,1980.5,-0.207309876964931,2.71970153062849
Uribe-A MH mean,1980.75,0.529030502003612,2.51239165366356
Uribe-A MH mean,1981,-0.0419869447491209,3.04142215566717
Uribe-A MH mean,1981.25,-0.0727522516157844,2.99943521091805
Uribe-A MH mean,1981.5,-0.105320655801304,2.92668295930226
Uribe-A MH mean,1981.75,-0.469022074018519,2.82136230350096
Uribe-A MH mean,1982,-0.0604948776550863,2.35234022948244
Uribe-A MH mean,1982.25,-0.0593405328777785,2.29184535182735
Uribe-A MH mean,1982.5,-0.3869906989096,2.23250481894957
Uribe-A MH mean,1982.75,-0.206435888054273,1.84551412003997
Uribe-A MH mean,1983,-0.100277535276569,1.6390782319857
Uribe-A MH mean,1983.25,-0.0033718644964468,1.53880069670913
Uribe-A MH mean,1983.5,0.0397912080613562,1.53542883221269
Uribe-A MH mean,1983.75,-0.0219451677497718,1.57522004027404
Uribe-A MH mean,1984,0.0184264821657343,1.55327487252427
Uribe-A MH mean,1984.25,0.0558119406656953,1.57170135469001
Uribe-A MH mean,1984.5,0.030729668809982,1.6275132953557
Uribe-A MH mean,1984.75,-0.204370374904244,1.65824296416568
Uribe-A MH mean,1985,-0.0523851889086076,1.45387258926144
Uribe-A MH mean,1985.25,-0.0738611780225648,1.40148740035283
Uribe-A MH mean,1985.5,-0.00837877581888574,1.32762622233027
Uribe-A MH mean,1985.75,-0.0154662267103838,1.31924744651138
Uribe-A MH mean,1986,-0.0417717458066954,1.303781219801
Uribe-A MH mean,1986.25,-0.0820206940161423,1.2620094739943
Uribe-A MH mean,1986.5,-0.0237336810321565,1.17998877997816
Uribe-A MH mean,1986.75,0.0357421030229648,1.156255098946
Uribe-A MH mean,1987,0.0303917381897016,1.19199720196897
Uribe-A MH mean,1987.25,0.0773428239088392,1.22238894015867
Uribe-A MH mean,1987.5,0.0429980878893942,1.29973176406751
Uribe-A MH mean,1987.75,0.0596581364857767,1.3427298519569
Uribe-A MH mean,1988,-0.00769847212388878,1.40238798844268
Uribe-A MH mean,1988.25,0.0903469655669276,1.39468951631879
Uribe-A MH mean,1988.5,0.0710994470539176,1.48503648188572
Uribe-A MH mean,1988.75,0.03984174332119,1.55613592893964
Uribe-A MH mean,1989,0.072684447733853,1.59597767226082
Uribe-A MH mean,1989.25,0.00398722776670468,1.66866211999468
Uribe-A MH mean,1989.5,-0.0688844209289907,1.67264934776138
Uribe-A MH mean,1989.75,-0.0357328459766536,1.60376492683239
Uribe-A MH mean,1990,0.0080233009738851,1.56803208085574
Uribe-A MH mean,1990.25,0.0210812131308983,1.57605538182962
Uribe-A MH mean,1990.5,-0.0212543789529055,1.59713659496052
Uribe-A MH mean,1990.75,-0.0743789804508477,1.57588221600762
Uribe-A MH mean,1991,-0.114733971002444,1.50150323555677
Uribe-A MH mean,1991.25,-0.0337917136195908,1.38676926455432
Uribe-A MH mean,1991.5,-0.0367845961378136,1.35297755093473
Uribe-A MH mean,1991.75,-0.101606977251178,1.31619295479692
Uribe-A MH mean,1992,-0.0595069900488176,1.21458597754574
Uribe-A MH mean,1992.25,-0.00226076397144543,1.15507898749692
Uribe-A MH mean,1992.5,-0.0299037554169432,1.15281822352548
Uribe-A MH mean,1992.75,0.00543341100230699,1.12291446810854
Uribe-A MH mean,1993,-0.0174471128660854,1.12834787911084
Uribe-A MH mean,1993.25,-0.00994519767905631,1.11090076624476
Uribe-A MH mean,1993.5,-0.0163378835866758,1.1009555685657
Uribe-A MH mean,1993.75,-0.00985467223865326,1.08461768497903
Uribe-A MH mean,1994,-0.00300068343572288,1.07476301274037
Uribe-A MH mean,1994.25,0.0527612336593087,1.07176232930465
Uribe-A MH mean,1994.5,0.0126233969416267,1.12452356296396
Uribe-A MH mean,1994.75,0.0431187697450724,1.13714695990558
Uribe-A MH mean,1995,0.0139852609077186,1.18026572965066
Uribe-A MH mean,1995.25,-0.021493850244187,1.19425099055838
Uribe-A MH mean,1995.5,-0.0342564861846513,1.17275714031419
Uribe-A MH mean,1995.75,-0.0278402026622471,1.13850065412954
Uribe-A MH mean,1996,-0.0471633977871841,1.11066045146729
Uribe-A MH mean,1996.25,-0.00218883464322737,1.06349705368011
Uribe-A MH mean,1996.5,-0.0149468654741914,1.06130821903688
Uribe-A MH mean,1996.75,-0.00559359506266128,1.04636135356269
Uribe-A MH mean,1997,-0.0316232291060584,1.04076775850003
Uribe-A MH mean,1997.25,0.0101072516421836,1.00914452939397
Uribe-A MH mean,1997.5,-0.0159944716652704,1.01925178103615
Uribe-A MH mean,1997.75,-0.0297074596607692,1.00325730937088
Uribe-A MH mean,1998,-0.0149412733930944,0.973549849710111
Uribe-A MH mean,1998.25,-0.00286168853209033,0.958608576317017
Uribe-A MH mean,1998.5,0.0240012569090224,0.955746887784927
Uribe-A MH mean,1998.75,-0.0295698874812707,0.979748144693949
Uribe-A MH mean,1999,0.00701133770029344,0.950178257212678
Uribe-A MH mean,1999.25,0.0184968390295264,0.957189594912972
Uribe-A MH mean,1999.5,0.0684408681600876,0.975686433942498
Uribe-A MH mean,1999.75,0.0746309305797101,1.04412730210259
Uribe-A MH mean,2000,0.0131612018405606,1.1187582326823
Uribe-A MH mean,2000.25,0.10634567217835,1.13191943452286
Uribe-A MH mean,2000.5,0.00525236408820644,1.23826510670121
Uribe-A MH mean,2000.75,0.0126860678431666,1.24351747078941
Uribe-A MH mean,2001,-0.0747245114877089,1.25620353863258
Uribe-A MH mean,2001.25,-0.075112485524415,1.18147902714487
Uribe-A MH mean,2001.5,-0.0830521296044479,1.10636654162046
Uribe-A MH mean,2001.75,-0.0977399191251773,1.02331441201601
Uribe-A MH mean,2002,0.0104137013099293,0.92557449289083
Uribe-A MH mean,2002.25,0.0313402382788822,0.93598819420076
Uribe-A MH mean,2002.5,0.0272103180224118,0.967328432479642
Uribe-A MH mean,2002.75,-0.0074806926665879,0.994538750502054
Uribe-A MH mean,2003,-0.00975805694592013,0.987058057835466
Uribe-A MH mean,2003.25,0.0247076586487788,0.977300000889546
Uribe-A MH mean,2003.5,0.0422887301183431,1.00200765953832
Uribe-A MH mean,2003.75,0.0405245866073817,1.04429638965667
Uribe-A MH mean,2004,0.0331406374666169,1.08482097626405
Uribe-A MH mean,2004.25,0.0202340834718149,1.11796161373067
Uribe-A MH mean,2004.5,0.0397371898191371,1.13819569720248
Uribe-A MH mean,2004.75,0.0441943116851037,1.17793288702162
Uribe-A MH mean,2005,0.0411643785486476,1.22212719870672
Uribe-A MH mean,2005.25,0.0108142675117408,1.26329157725537
Uribe-A MH mean,2005.5,0.0330522812381226,1.27410584476711
Uribe-A MH mean,2005.75,0.00891297181845319,1.30715812600523
Uribe-A MH mean,2006,0.0260842115527673,1.31607109782369
Uribe-A MH mean,2006.25,-0.0088565029116118,1.34215530937645
Uribe-A MH mean,2006.5,-0.0206228658583365,1.33329880646484
Uribe-A MH mean,2006.75,-0.0218775339750279,1.31267594060651
Uribe-A MH mean,2007,-0.0114974215640522,1.29079840663148
Uribe-A MH mean,2007.25,-0.0223425996916709,1.27930098506743
Uribe-A MH mean,2007.5,-0.0406613230938674,1.25695838537575
Uribe-A MH mean,2007.75,-0.0554955499047101,1.21629706228189
Uribe-A MH mean,2008,-0.112349514279053,1.16080151237718
Uribe-A MH mean,2008.25,-0.039956331165163,1.04845199809812
Uribe-A MH mean,2008.5,-0.0137176261669671,1.00849566693296
Uribe-A MH mean,2008.75,-0.206521273699018,0.994778040765994
Uribe-A MH mean,2009,-0.0615786306176386,0.788256767066976
Uribe-A MH mean,2009.25,-0.0130005985819488,0.726678136449337
Uribe-A MH mean,2009.5,0.0256427820825676,0.713677537867388
Uribe-A MH mean,2009.75,0.056034984972863,0.739320319949956
Uribe-A MH mean,2010,0.0335822494597114,0.795355304922819
Uribe-A MH mean,2010.25,0.0588012524447985,0.82893755438253
Uribe-A MH mean,2010.5,0.0352803673023888,0.887738806827329
Uribe-A MH mean,2010.75,0.040180051291471,0.923019174129718
Uribe-A MH mean,2011,0.0105868786307389,0.963199225421189
Uribe-A MH mean,2011.25,0.0246654140684583,0.973786104051927
Uribe-A MH mean,2011.5,-0.0191306014615384,0.998451518120386
Uribe-A MH mean,2011.75,0.00341841097631524,0.979320916658847
Uribe-A MH mean,2012,-0.000106278656870375,0.982739327635163
Uribe-A MH mean,2012.25,0.00191553918553384,0.982633048978292
Uribe-A MH mean,2012.5,-0.0101230453817603,0.984548588163826
Uribe-A MH mean,2012.75,-0.0125457773716291,0.974425542782066
Uribe-A MH mean,2013,-0.00126299075613969,0.961879765410437
Uribe-A MH mean,2013.25,-0.0238634446469942,0.960616774654297
Uribe-A MH mean,2013.5,0.013079123477678,0.936753330007303
Uribe-A MH mean,2013.75,0.00576994740955286,0.949832453484981
Uribe-A MH mean,2014,-0.0429677909693267,0.955602400894534
Uribe-A MH mean,2014.25,0.0128942543069967,0.912634609925207
Uribe-A MH mean,2014.5,-0.0235760537196064,0.925528864232203
Uribe-A MH mean,2014.75,-0.0522103089244181,0.901952810512597
Uribe-A MH mean,2015,-0.0243269521389579,0.849742501588179
Uribe-A MH mean,2015.25,0.0218254967293445,0.825415549449221
Uribe-A MH mean,2015.5,-0.0193193649156679,0.847241046178566
Uribe-A MH mean,2015.75,-0.0245410658336617,0.827921681262898
Uribe-A MH mean,2016,0.0246962045885262,0.803380615429236
Uribe-A MH mean,2016.25,0.0541521736398316,0.828076820017762
Uribe-A MH mean,2016.5,0.0207209036167363,0.882228993657594
Uribe-A MH mean,2016.75,0.0205059692881083,0.90294989727433
Uribe-A MH mean,2017,0.0372139698514367,0.923455866562438
Uribe-A MH mean,2017.25,0.025401871328436,0.960669836413875
Uribe-A MH mean,2017.5,0.0394836555492174,0.986071707742311
Uribe-A MH mean,2017.75,0.028273614307087,1.02555536329153
Uribe-A MH mean,2018,0.0298392253378196,1.05382897759862
Uribe-A MH mean,2018.25,0.0584998700982393,1.08366820293644
Uribe-B mode 5,1954.75,0.0269800908052858,1.05560498485882
Uribe-B mode 5,1955,0.106115484632754,1.0825850756641
Uribe-B mode 5,1955.25,0.0542517992345293,1.18870056029686
Uribe-B mode 5,1955.5,0.10965986904025,1.24295235953138
Uribe-B mode 5,1955.75,0.0853329832699356,1.35261222857164
Uribe-B mode 5,1956,0.00454203027182819,1.43794521184157
Uribe-B mode 5,1956.25,0.0309969568909467,1.4424872421134
Uribe-B mode 5,1956.5,0.00261179890770459,1.47348419900435
Uribe-B mode 5,1956.75,0.0155881474587025,1.47609599791205
Uribe-B mode 5,1957,0.00937386368618958,1.49168414537075
Uribe-B mode 5,1957.25,-0.0654170527735283,1.50105800905694
Uribe-B mode 5,1957.5,-0.00449143314329906,1.43564095628341
Uribe-B mode 5,1957.75,-0.0911030399790097,1.43114952314011
Uribe-B mode 5,1958,-0.20165546018293,1.3400464831611
Uribe-B mode 5,1958.25,-0.105581959498093,1.13839102297817
Uribe-B mode 5,1958.5,0.0404411575771434,1.03280906348008
Uribe-B mode 5,1958.75,0.0388805489872483,1.07325022105723
Uribe-B mode 5,1959,-0.016455432178847,1.11213077004447
Uribe-B mode 5,1959.25,0.0373014213180539,1.09567533786563
Uribe-B mode 5,1959.5,-0.00463792145124958,1.13297675918368
Uribe-B mode 5,1959.75,0.0154552934037012,1.12833883773243
Uribe-B mode 5,1960,0.0253275899924191,1.14379413113613
Uribe-B mode 5,1960.25,-0.0680005941849411,1.16912172112855
Uribe-B mode 5,1960.5,-0.0563032928130271,1.10112112694361
Uribe-B mode 5,1960.75,-0.113292379426524,1.04481783413058
Uribe-B mode 5,1961,-0.0243514524723993,0.931525454704059
Uribe-B mode 5,1961.25,-0.00635221779939229,0.90717400223166
Uribe-B mode 5,1961.5,0.0140880143992374,0.900821784432267
Uribe-B mode 5,1961.75,0.0845929900615773,0.914909798831505
Uribe-B mode 5,1962,0.0178511136664194,0.999502788893082
Uribe-B mode 5,1962.25,-0.0197269698945007,1.0173539025595
Uribe-B mode 5,1962.5,0.0160989352435514,0.997626932665001
Uribe-B mode 5,1962.75,-0.022541399048678,1.01372586790855
Uribe-B mode 5,1963,0.0129748381182227,0.991184468859874
Uribe-B mode 5,1963.25,-0.00972870984234991,1.0041593069781
Uribe-B mode 5,1963.5,0.0696162786017995,0.994430597135747
Uribe-B mode 5,1963.75,0.0156898891183232,1.06404687573755
Uribe-B mode 5,1964,0.016006926262046,1.07973676485587
Uribe-B mode 5,1964.25,-0.0127878247311868,1.09574369111792
Uribe-B mode 5,1964.5,0.0187775468401892,1.08295586638673
Uribe-B mode 5,1964.75,-0.00929354994617755,1.10173341322692
Uribe-B mode 5,1965,0.0809774650057616,1.09243986328074
Uribe-B mode 5,1965.25,-0.000548623544421707,1.1734173282865
Uribe-B mode 5,1965.5,0.0381455803565125,1.17286870474208
Uribe-B mode 5,1965.75,0.068310081116597,1.21101428509859
Uribe-B mode 5,1966,0.0984997326136678,1.27932436621519
Uribe-B mode 5,1966.25,0.037265757706382,1.37782409882886
Uribe-B mode 5,1966.5,0.0685533704060039,1.41508985653524
Uribe-B mode 5,1966.75,0.0119558041146482,1.48364322694124
Uribe-B mode 5,1967,-0.0673842738103672,1.49559903105589
Uribe-B mode 5,1967.25,-0.0557361501642574,1.42821475724552
Uribe-B mode 5,1967.5,0.0672530354750659,1.37247860708127
Uribe-B mode 5,1967.75,0.069792789989864,1.43973164255633
Uribe-B mode 5,1968,0.114780563273781,1.5095244325462
Uribe-B mode 5,1968.25,0.131305979157792,1.62430499581998
Uribe-B mode 5,1968.5,-0.00250075504486885,1.75561097497777
Uribe-B mode 5,1968.75,0.0179769021873226,1.7531102199329
Uribe-B mode 5,1969,0.0924088132533102,1.77108712212022
Uribe-B mode 5,1969.25,0.157807422638524,1.86349593537353
Uribe-B mode 5,1969.5,0.0737550722198995,2.02130335801206
Uribe-B mode 5,1969.75,-0.028217683431886,2.09505843023196
Uribe-B mode 5,1970,-0.0308117276892634,2.06684074680007
Uribe-B mode 5,1970.25,-0.0622037383818132,2.03602901911081
Uribe-B mode 5,1970.5,-0.0954319236287486,1.973825280729
Uribe-B mode 5,1970.75,-0.111904977521625,1.87839335710025
Uribe-B mode 5,1971,-0.0407907942085414,1.76648837957862
Uribe-B mode 5,1971.25,0.0417887771303701,1.72569758537008
Uribe-B mode 5,1971.5,0.0409158181775055,1.76748636250045
Uribe-B mode 5,1971.75,-0.112823343050382,1.80840218067796
Uribe-B mode 5,1972,-0.0760556258879372,1.69557883762757
Uribe-B mode 5,1972.25,0.079969985681721,1.61952321173964
Uribe-B mode 5,1972.5,0.0465384373973178,1.69949319742136
Uribe-B mode 5,1972.75,0.11142139477018,1.74603163481868
Uribe-B mode 5,1973,0.230678181765368,1.85745302958885
Uribe-B mode 5,1973.25,0.208585721252354,2.08813121135422
Uribe-B mode 5,1973.5,0.308524373308516,2.29671693260658
Uribe-B mode 5,1973.75,0.0596400684715996,2.60524130591509
Uribe-B mode 5,1974,0.01058921175379,2.66488137438669
Uribe-B mode 5,1974.25,0.298900816921734,2.67547058614048
Uribe-B mode 5,1974.5,0.112141524668015,2.97437140306222
Uribe-B mode 5,1974.75,-0.250845783813938,3.08651292773023
Uribe-B mode 5,1975,-0.374480520298618,2.83566714391629
Uribe-B mode 5,1975.25,-0.159633290522706,2.46118662361768
Uribe-B mode 5,1975.5,0.00810186534221944,2.30155333309497
Uribe-B mode 5,1975.75,-0.153587234813406,2.30965519843719
Uribe-B mode 5,1976,-0.100795403461191,2.15606796362378
Uribe-B mode 5,1976.25,-0.0159997197548021,2.05527256016259
Uribe-B mode 5,1976.5,0.00768870347457761,2.03927284040779
Uribe-B mode 5,1976.75,-0.00635313378964019,2.04696154388237
Uribe-B mode 5,1977,-0.00691706590096743,2.04060841009273
Uribe-B mode 5,1977.25,0.0622704232892783,2.03369134419176
Uribe-B mode 5,1977.5,0.078311824908611,2.09596176748104
Uribe-B mode 5,1977.75,0.0642082296420622,2.17427359238965
Uribe-B mode 5,1978,-0.0124977949732049,2.23848182203171
Uribe-B mode 5,1978.25,0.150719858131048,2.22598402705851
Uribe-B mode 5,1978.5,0.057528120833529,2.37670388518955
Uribe-B mode 5,1978.75,0.162547114413054,2.43423200602308
Uribe-B mode 5,1979,0.0269774606374882,2.59677912043614
Uribe-B mode 5,1979.25,0.0293407107142853,2.62375658107362
Uribe-B mode 5,1979.5,0.0665491512126294,2.65309729178791
Uribe-B mode 5,1979.75,0.186806488409675,2.71964644300054
Uribe-B mode 5,1980,0.107176799144218,2.90645293141021
Uribe-B mode 5,1980.25,-0.281547738031712,3.01362973055443
Uribe-B mode 5,1980.5,-0.234864620049797,2.73208199252272
Uribe-B mode 5,1980.75,0.558400709221837,2.49721737247292
Uribe-B mode 5,1981,-0.0247601222097263,3.05561808169476
Uribe-B mode 5,1981.25,-0.0790809842221982,3.03085795948503
Uribe-B mode 5,1981.5,-0.108479802439992,2.95177697526284
Uribe-B mode 5,1981.75,-0.489694177473008,2.84329717282284
Uribe-B mode 5,1982,-0.060012888415256,2.35360299534984
Uribe-B mode 5,1982.25,-0.0462790502493035,2.29359010693458
Uribe-B mode 5,1982.5,-0.400178321428603,2.24731105668528
Uribe-B mode 5,1982.75,-0.219201577959389,1.84713273525667
Uribe-B mode 5,1983,-0.0991143539131896,1.62793115729728
Uribe-B mode 5,1983.25,0.00362220157434419,1.52881680338409
Uribe-B mode 5,1983.5,0.0471355925475549,1.53243900495844
Uribe-B mode 5,1983.75,-0.0231653576210051,1.57957459750599
Uribe-B mode 5,1984,0.0196847307325837,1.55640923988499
Uribe-B mode 5,1984.25,0.0614507910914314,1.57609397061757
Uribe-B mode 5,1984.5,0.0356447915889885,1.637544761709
Uribe-B mode 5,1984.75,-0.216875833073964,1.67318955329799
Uribe-B mode 5,1985,-0.0589557535227592,1.45631372022403
Uribe-B mode 5,1985.25,-0.0752561426936681,1.39735796670127
Uribe-B mode 5,1985.5,-0.0038246745738422,1.3221018240076
Uribe-B mode 5,1985.75,-0.0101579442677126,1.31827714943376
Uribe-B mode 5,1986,-0.0408642716403692,1.30811920516605
Uribe-B mode 5,1986.25,-0.0873992390414935,1.26725493352568
Uribe-B mode 5,1986.5,-0.0268996553584038,1.17985569448418
Uribe-B mode 5,1986.75,0.0376715220604728,1.15295603912578
Uribe-B mode 5,1987,0.0319431416089371,1.19062756118625
Uribe-B mode 5,1987.25,0.0798102280054773,1.22257070279519
Uribe-B mode 5,1987.5,0.042927984997303,1.30238093080067
Uribe-B mode 5,1987.75,0.0590190028510762,1.34530891579797
Uribe-B mode 5,1988,-0.0117896734987809,1.40432791864905
Uribe-B mode 5,1988.25,0.0923494461680102,1.39253824515027
Uribe-B mode 5,1988.5,0.074821545185276,1.48488769131828
Uribe-B mode 5,1988.75,0.0400618489950572,1.55970923650355
Uribe-B mode 5,1989,0.0769770648166088,1.59977108549861
Uribe-B mode 5,1989.25,0.00456915794445059,1.67674815031522
Uribe-B mode 5,1989.5,-0.0754359850477773,1.68131730825967
Uribe-B mode 5,1989.75,-0.0405293496685596,1.60588132321189
Uribe-B mode 5,1990,0.00823387279789137,1.56535197354333
Uribe-B mode 5,1990.25,0.0236425442859366,1.57358584634122
Uribe-B mode 5,1990.5,-0.0184855882040239,1.59722839062716
Uribe-B mode 5,1990.75,-0.0751692819174658,1.57874280242314
Uribe-B mode 5,1991,-0.120437385332518,1.50357352050567
Uribe-B mode 5,1991.25,-0.0360160952433691,1.38313613517315
Uribe-B mode 5,1991.5,-0.0333011773331181,1.34712003992978
Uribe-B mode 5,1991.75,-0.103946267184251,1.31381886259666
Uribe-B mode 5,1992,-0.0624024169511719,1.20987259541241
Uribe-B mode 5,1992.25,-0.000100866399933036,1.14747017846124
Uribe-B mode 5,1992.5,-0.0300537123318261,1.14736931206131
Uribe-B mode 5,1992.75,0.00807065698244042,1.11731559972948
Uribe-B mode 5,1993,-0.0157065669997068,1.12538625671192
Uribe-B mode 5,1993.25,-0.0081772042031605,1.10967968971222
Uribe-B mode 5,1993.5,-0.0167243864776234,1.10150248550905
Uribe-B mode 5,1993.75,-0.0110049057562693,1.08477809903143
Uribe-B mode 5,1994,-0.0037230047447225,1.07377319327516
Uribe-B mode 5,1994.25,0.0561813777289427,1.07005018853044
Uribe-B mode 5,1994.5,0.0142694873810238,1.12623156625938
Uribe-B mode 5,1994.75,0.0449671431773514,1.14050105364041
Uribe-B mode 5,1995,0.0156808392037567,1.18546819681776
Uribe-B mode 5,1995.25,-0.0233764879663033,1.20114903602151
Uribe-B mode 5,1995.5,-0.0374819786031046,1.17777254805521
Uribe-B mode 5,1995.75,-0.0302965019071595,1.14029056945211
Uribe-B mode 5,1996,-0.0505439926497123,1.10999406754495
Uribe-B mode 5,1996.25,-0.00282414314962954,1.05945007489523
Uribe-B mode 5,1996.5,-0.0141528605105505,1.0566259317456
Uribe-B mode 5,1996.75,-0.00338358906896943,1.04247307123505
Uribe-B mode 5,1997,-0.032492674130737,1.03908948216608
Uribe-B mode 5,1997.25,0.00982485503499859,1.00659680803535
Uribe-B mode 5,1997.5,-0.0141202032944983,1.01642166307035
Uribe-B mode 5,1997.75,-0.030568324368249,1.00230145977585
Uribe-B mode 5,1998,-0.0153186557253581,0.971733135407599
Uribe-B mode 5,1998.25,-0.00256032337159421,0.956414479682241
Uribe-B mode 5,1998.5,0.024101662611473,0.953854156310647
Uribe-B mode 5,1998.75,-0.0330217476182392,0.97795581892212
Uribe-B mode 5,1999,0.00653867660775402,0.944934071303881
Uribe-B mode 5,1999.25,0.0188065776100679,0.951472747911635
Uribe-B mode 5,1999.5,0.0695838219561002,0.970279325521703
Uribe-B mode 5,1999.75,0.0785980610966412,1.0398631474778
Uribe-B mode 5,2000,0.0122106496318323,1.11846120857444
Uribe-B mode 5,2000.25,0.109569493317834,1.13067185820628
Uribe-B mode 5,2000.5,0.00615443982699019,1.24024135152411
Uribe-B mode 5,2000.75,0.0125285118233676,1.2463957913511
Uribe-B mode 5,2001,-0.0789757332583673,1.25892430317447
Uribe-B mode 5,2001.25,-0.0792558928588858,1.1799485699161
Uribe-B mode 5,2001.5,-0.0859117383168763,1.10069267705721
Uribe-B mode 5,2001.75,-0.101627955862158,1.01478093874034
Uribe-B mode 5,2002,0.0117226378507112,0.913152982878181
Uribe-B mode 5,2002.25,0.0363742621113569,0.924875620728892
Uribe-B mode 5,2002.5,0.0313087510405614,0.961249882840249
Uribe-B mode 5,2002.75,-0.00650175255374281,0.99255863388081
Uribe-B mode 5,2003,-0.0113724791527597,0.986056881327067
Uribe-B mode 5,2003.25,0.0231794200304772,0.974684402174308
Uribe-B mode 5,2003.5,0.0424876730157801,0.997863822204785
Uribe-B mode 5,2003.75,0.0405208381326339,1.04035149522056
Uribe-B mode 5,2004,0.0340570787547729,1.0808723333532
Uribe-B mode 5,2004.25,0.0205061464307771,1.11492941210797
Uribe-B mode 5,2004.5,0.0407708237257397,1.13543555853875
Uribe-B mode 5,2004.75,0.0468534302790618,1.17620638226449
Uribe-B mode 5,2005,0.0432341821180768,1.22305981254355
Uribe-B mode 5,2005.25,0.0106772787705811,1.26629399466163
Uribe-B mode 5,2005.5,0.0343346030722453,1.27697127343221
Uribe-B mode 5,2005.75,0.00779169806425278,1.31130587650445
Uribe-B mode 5,2006,0.0269836483169748,1.31909757456871
Uribe-B mode 5,2006.25,-0.00723613225807097,1.34608122288568
Uribe-B mode 5,2006.5,-0.0220124847140636,1.33884509062761
Uribe-B mode 5,2006.75,-0.0241981868749663,1.31683260591355
Uribe-B mode 5,2007,-0.0103305522464092,1.29263441903858
Uribe-B mode 5,2007.25,-0.0234525774931414,1.28230386679217
Uribe-B mode 5,2007.5,-0.0407435577398237,1.25885128929903
Uribe-B mode 5,2007.75,-0.0568402799481837,1.21810773155921
Uribe-B mode 5,2008,-0.118600232424169,1.16126745161102
Uribe-B mode 5,2008.25,-0.0406754614564459,1.04266721918685
Uribe-B mode 5,2008.5,-0.00591900963728074,1.00199175773041
Uribe-B mode 5,2008.75,-0.20980070818816,0.996072748093127
Uribe-B mode 5,2009,-0.0624821527915908,0.786272039904967
Uribe-B mode 5,2009.25,-0.010344693015398,0.723789887113376
Uribe-B mode 5,2009.5,0.0266193677091155,0.713445194097978
Uribe-B mode 5,2009.75,0.0563879321851878,0.740064561807094
Uribe-B mode 5,2010,0.0319710225131983,0.796452493992281
Uribe-B mode 5,2010.25,0.0595101280365441,0.82842351650548
Uribe-B mode 5,2010.5,0.0348210048308116,0.887933644542024
Uribe-B mode 5,2010.75,0.0419471984581202,0.922754649372835
Uribe-B mode 5,2011,0.00995377272262173,0.964701847830956
Uribe-B mode 5,2011.25,0.0259274443502995,0.974655620553577
Uribe-B mode 5,2011.5,-0.0201061277627652,1.00058306490388
Uribe-B mode 5,2011.75,0.0025272779593526,0.980476937141112
Uribe-B mode 5,2012,0.0024810731649973,0.983004215100464
Uribe-B mode 5,2012.25,0.00202031979031932,0.985485288265461
Uribe-B mode 5,2012.5,-0.00920607279453447,0.987505608055781
Uribe-B mode 5,2012.75,-0.0130722609773508,0.978299535261246
Uribe-B mode 5,2013,-0.00119462273145084,0.965227274283896
Uribe-B mode 5,2013.25,-0.0252814701195023,0.964032651552445
Uribe-B mode 5,2013.5,0.0135917984739684,0.938751181432942
Uribe-B mode 5,2013.75,0.00747791166645923,0.952342979906911
Uribe-B mode 5,2014,-0.0452703501478826,0.95982089157337
Uribe-B mode 5,2014.25,0.0141168781297614,0.914550541425488
Uribe-B mode 5,2014.5,-0.0227087986802717,0.928667419555249
Uribe-B mode 5,2014.75,-0.0528936775089192,0.905958620874977
Uribe-B mode 5,2015,-0.0250206252839381,0.853064943366058
Uribe-B mode 5,2015.25,0.0258113946431287,0.82804431808212
Uribe-B mode 5,2015.5,-0.019427605054081,0.853855712725248
Uribe-B mode 5,2015.75,-0.025991038577103,0.834428107671167
Uribe-B mode 5,2016,0.0246989948060476,0.808437069094064
Uribe-B mode 5,2016.25,0.0567569437566915,0.833136063900112
Uribe-B mode 5,2016.5,0.0180585352129864,0.889893007656804
Uribe-B mode 5,2016.75,0.0201049527624866,0.90795154286979
Uribe-B mode 5,2017,0.0380794054975495,0.928056495632277
Uribe-B mode 5,2017.25,0.0254289067248422,0.966135901129826
Uribe-B mode 5,2017.5,0.0408110537980515,0.991564807854668
Uribe-B mode 5,2017.75,0.0284813239189928,1.03237586165272
Uribe-B mode 5,2018,0.028429996440319,1.06085718557171
Uribe-B mode 5,2018.25,0.0607301824423213,1.08928718201203
